{
    "employee":
    [
        {
            "id":"e001",
            "name":"Georges",
            "email":"georges.tanios@icloud.com",
            "salary":"20000"
        },
        {
            "id":"e002",
            "name":"Ibrahim",
            "email":"ibrahim.tanios@icloud.com",
            "salary":"25000"
        },
        {
            "id":"e003",
            "name":"Nicolas",
            "email":"nicola.tanios@icloud.com",
            "salary":"25000"
        },
        {
            "id":"e004",
            "name":"Laethitia",
            "email":"laethitia.tanios@icloud.com",
            "salary":"25000"
        },
        {
            "id":"e005",
            "name":"Adonice",
            "email":"adonice.tanios@icloud.com",
            "salary":"20000"
        }
    ]
    
}